Numero scheda,Nome e cognome,Squadra attuale,Ruolo,CA,PA,Bonus A,Bonus B,Stipendio,Atalanta,Avellino Wolves,Bari,Bologna Umarells,Cittadella,Cremonese,Crotone,Drink Team,Fiorentina,Fublet,Genoa,Inter,Juventus,Lazio,Palermo,Progetto Gaming,Sampdoria,Shadows Latina,Torino,Villaggio Prenestino,Akragas,Alessandria,Carpi,Cesena,Empoli,Entella,Forst Sudtirol,Frosinone,Golden Knights,Lucchese,Mambo,Mantova,Milan,Napoli,Parma,Pescara,Reggina,Sanremese,SPAL,Trento,Triestina Asylum,Vicenza,11 Leoni,Albese,Albinoleffe,Buccaneers,Campobasso,Catania,Crema,Cucumbers,Frentana Larino,Jotunheimr,L'Aquila,Lecce,Locri,Monza,Novara,Ravenna,Reggiana,San Marino,Squalo,Stoke Perugia
001,Abdul Qua,Alessandria,AM R,104,150,"€ 0,00","€ 20.000,00","€500.000,00",,,,,,,,,,,,,,,,,,,,,,,,,,,,,,,,,,,,,,,,,,,,,,,,,,,,,,,,,,,,,,
002,Adrian Cronauer,Empoli,DM/M C,110,150,"€ 0,00","€ 0,00","€1.000.000,00",,,,,,,,,,,,,,,,,,,,,,,,,,,,,,,,,,,,,,,,,,,,,,,,,,,,,,,,,,,,,,
003,Adriano Ranieri,Reggiana,D RL,106,150,"€ 0,00","€ 0,00","€500.000,00",,,,,,,,,,,,,,,,,,,,,,,,,,,,,,,,,,,,,,,,,,,,,,,,,,,,,,,,,,,,,,
004,Alberto Capuzzi,Aosta Cucumbers Academy,M C,110,150,"€ 0,00","€ 70.000,00","€250.000,00",,,,,,,,,,,,,,,,,,,,,,,,,,,,,,,,,,,,,,,,,,,,,,,,,,,,,,,,,,,,,,
005,Alberto De Donatis,Genoa CFC,DM/M C,126,200,"€ 0,00","€ 70.000,00","€550.000,00",,,,,,,,,,,,,,,,,,,,,,,,,,,,,,,,,,,,,,,,,,,,,,,,,,,,,,,,,,,,,,
006,Alberto Vaccaro,Aosta Cucumbers Academy,DM/M C,109,150,"€ 0,00","€ 0,00","€500.000,00",,,,,,,,,,,,,,,,,,,,,,,,,,,,,,,,,,,,,,,,,,,,,,,,,,,,,,,,,,,,,,
007,Alessandro D'Anteo,Napoli,D C,112,150,"€ 0,00","€ 150.000,00","€550.000,00",,,,,,,,,,,,,,,,,,,,,,,,,,,,,,,,,,,,,,,,,,,,,,,,,,,,,,,,,,,,,,
008,Alessandro Laurino,LucullusGames,AM LC,116,150,"€ 0,00","€ 0,00","€500.000,00",,,,,,,,,,,,,,,,,,,,,,,,,,,,,,,,,,,,,,,,,,,,,,,,,,,,,,,,,,,,,,
009,Alessandro Pizzitola,Crema 1908,D L,125,180,"€ 0,00","€ 20.000,00","€600.000,00",,,,,,,,,,,,,,,,,,,,,,,,,,,,,,,,,,,,,,,,,,,,,,,,,,,,,,,,,,,,,,
010,Alessandro Tedeschi,LucullusGames,D L,114,150,"€ 0,00","€ 0,00","€200.000,00",,,,,,,,,,,,,,,,,,,,,,,,,,,,,,,,,,,,,,,,,,,,,,,,,,,,,,,,,,,,,,
011,Alessio Bonelli,AlbinoLeffe,DM/M C,127,150,"€ 0,00","€ 0,00","€600.000,00",,,,,,,,,,,,,,,,,,,,,,,,,,,,,,,,,,,,,,,,,,,,,,,,,,,,,,,,,,,,,,
012,Alessio Ippolito Rinaldi,Crema 1908,AM/S C,99,165,"€ 0,00","€ 0,00","€450.000,00",,,,,,,,,,,,,,,,,,,,,,,,,,,,,,,,,,,,,,,,,,,,,,,,,,,,,,,,,,,,,,
013,Alessio Rossiello,Cagliari,GK,157,165,"€ 0,00","€ 0,00","€300.000,00",,,,,,,,,,,,,,,,,,,,,,,,,,,,,,,,,,,,,,,,,,,,,,,,,,,,,,,,,,,,,,
014,Alessio Sanzaro,San Marino Calcio,AM L,106,150,"€ 0,00","€ 0,00","€300.000,00",,,,,,,,,,,,,,,,,,,,,,,,,,,,,,,,,,,,,,,,,,,,,,,,,,,,,,,,,,,,,,
015,Alfredo Gatto,AlbinoLeffe,M L,127,150,"€ 0,00","€ 70.000,00","€400.000,00",,,,,,,,,,,,,,,,,,,,,,,,,,,,,,,,,,,,,,,,,,,,,,,,,,,,,,,,,,,,,,
016,Amedeo Squeglia,Diventa Leggenda,DM/M C,117,150,"€ 0,00","€ 0,00","€350.000,00",,,,,,,,,,,,,,,,,,,,,,,,,,,,,,,,,,,,,,,,,,,,,,,,,,,,,,,,,,,,,,
017,Andrea Benvenuto,SPAL,M/AM C,106,150,"€ 0,00","€ 0,00","€500.000,00",,,,,,,,,,,,,,,,,,,,,,,,,,,,,,,,,,,,,,,,,,,,,,,,,,,,,,,,,,,,,,
018,Andrea Di Matteo,Empoli,M/AM L,149,160,"€ 0,00","€ 0,00","€200.000,00",,,,,,,,,,,,,,,,,,,,,,,,,,,,,,,,,,,,,,,,,,,,,,,,,,,,,,,,,,,,,,
019,Andrea Jurgen Zucchi,AS Roma,M C,127,150,"€ 0,00","€ 0,00","€100.000,00",,,,,,,,,,,,,,,,,,,,,,,,,,,,,,,,,,,,,,,,,,,,,,,,,,,,,,,,,,,,,,
020,Andrea Littlejohn,Mambo,D/WB L,113,150,"€ 0,00","€ 0,00","€612.000,00",,,,,,,,,,,,,,,,,,,,,,,,,,,,,,,,,,,,,,,,,,,,,,,,,,,,,,,,,,,,,,
021,Andrea Manunza,Cagliari,AM L,103,150,"€ 0,00","€ 0,00","€300.000,00",,,,,,,,,,,,,,,,,,,,,,,,,,,,,,,,,,,,,,,,,,,,,,,,,,,,,,,,,,,,,,
022,Andrea Marchesi,Diventa Leggenda,M C,110,150,"€ 0,00","€ 0,00","€250.000,00",,,,,,,,,,,,,,,,,,,,,,,,,,,,,,,,,,,,,,,,,,,,,,,,,,,,,,,,,,,,,,
023,Andrea Messina,Aosta Cucumbers Academy,S,123,150,"€ 0,00","€ 150.000,00","€500.000,00",,,,,,,,,,,,,,,,,,,,,,,,,,,,,,,,,,,,,,,,,,,,,,,,,,,,,,,,,,,,,,
024,Andrea Pasella,A.S. Livorno Calcio,M/AM C,141,150,"€ 0,00","€ 0,00","€1.020.000,00",,,,,,,,,,,,,,,,,,,,,,,,,,,,,,,,,,,,,,,,,,,,,,,,,,,,,,,,,,,,,,
025,Andrea Ruggiero,AS Roma,M C,87,150,"€ 0,00","€ 0,00","€500.000,00",,,,,,,,,,,,,,,,,,,,,,,,,,,,,,,,,,,,,,,,,,,,,,,,,,,,,,,,,,,,,,
026,Angelo Iermano,Aosta Cucumbers Academy,AM/S C,122,150,"€ 0,00","€ 0,00","€250.000,00",,,,,,,,,,,,,,,,,,,,,,,,,,,,,,,,,,,,,,,,,,,,,,,,,,,,,,,,,,,,,,
027,Angelo Proietti,Forst Südtirol,S,118,150,"€ 0,00","€ 0,00","€300.000,00",,,,,,,,,,,,,,,,,,,,,,,,,,,,,,,,,,,,,,,,,,,,,,,,,,,,,,,,,,,,,,
028,Angelo Sasso,Locri Epizefiri,DM,119,150,"€ 0,00","€ 70.000,00","€300.000,00",,,,,,,,,,,,,,,,,,,,,,,,,,,,,,,,,,,,,,,,,,,,,,,,,,,,,,,,,,,,,,
029,Antonio Cirino,Alessandria,D R,113,150,"€ 0,00","€ 150.000,00","€400.000,00",,,,,,,,,,,,,,,,,,,,,,,,,,,,,,,,,,,,,,,,,,,,,,,,,,,,,,,,,,,,,,
030,Antonio Gargiulo,Empoli,D RL,105,150,"€ 0,00","€ 0,00","€200.000,00",,,,,,,,,,,,,,,,,,,,,,,,,,,,,,,,,,,,,,,,,,,,,,,,,,,,,,,,,,,,,,
031,Antonio James,San Marino Calcio,DM/M C,108,150,"€ 0,00","€ 0,00","€500.000,00",,,,,,,,,,,,,,,,,,,,,,,,,,,,,,,,,,,,,,,,,,,,,,,,,,,,,,,,,,,,,,
032,Antonio Saggiomo,Mantova,M/AM C,107,150,"€ 0,00","€ 0,00","€100.000,00",,,,,,,,,,,,,,,,,,,,,,,,,,,,,,,,,,,,,,,,,,,,,,,,,,,,,,,,,,,,,,
033,Antonio Tortora,LucullusGames,AM/S C,109,150,"€ 0,00","€ 0,00","€200.000,00",,,,,,,,,,,,,,,,,,,,,,,,,,,,,,,,,,,,,,,,,,,,,,,,,,,,,,,,,,,,,,
034,Antonio Vitolo,Golden Knights,S,87,180,"€ 0,00","€ 0,00","€849.600,00",,,,,,,,,,,,,,,,,,,,,,,,,,,,,,,,,,,,,,,,,,,,,,,,,,,,,,,,,,,,,,
035,Arnaldo Figoni,Torino,S,90,185,"€ 0,00","€ 150.000,00","€1.700.000,00",,,,,,,,,,,,,,,,,,,,,,,,,,,,,,,,,,,,,,,,,,,,,,,,,,,,,,,,,,,,,,
036,Bernardo Russo,Monza 1912,M/AM C,125,150,"€ 0,00","€ 0,00","€445.000,00",,,,,,,,,,,,,,,,,,,,,,,,,,,,,,,,,,,,,,,,,,,,,,,,,,,,,,,,,,,,,,
037,Bernardo Trieste,Crotone,M C,142,155,"€ 0,00","€ 0,00","€600.000,00",,,,,,,,,,,,,,,,,,,,,,,,,,,,,,,,,,,,,,,,,,,,,,,,,,,,,,,,,,,,,,
038,Bruno Procopio,Locri Epizefiri,D LC,147,155,"€ 0,00","€ 20.000,00","€500.000,00",,,,,,,,,,,,,,,,,,,,,,,,,,,,,,,,,,,,,,,,,,,,,,,,,,,,,,,,,,,,,,
039,Buffalo Sanchez,Trento 1921,D R,111,150,"€ 0,00","€ 0,00","€800.000,00",,,,,,,,,,,,,,,,,,,,,,,,,,,,,,,,,,,,,,,,,,,,,,,,,,,,,,,,,,,,,,
040,CARLO MAIORANO,A.S. Livorno Calcio,D C,105,150,"€ 0,00","€ 0,00","€1.240.000,00",,,,,,,,,,,,,,,,,,,,,,,,,,,,,,,,,,,,,,,,,,,,,,,,,,,,,,,,,,,,,,
041,Carmelo Camerino,Bari,GK,151,170,"€ 0,00","€ 0,00","€700.000,00",,,,,,,,,,,,,,,,,,,,,,,,,,,,,,,,,,,,,,,,,,,,,,,,,,,,,,,,,,,,,,
042,Carmelo Ceraolo,A.C. Milan,AM/S RLC,149,170,"€ 0,00","€ 0,00","€575.000,00",,,,,,,,,,,,,,,,,,,,,,,,,,,,,,,,,,,,,,,,,,,,,,,,,,,,,,,,,,,,,,
043,Carmelo Russo,Catania,S,105,150,"€ 0,00","€ 20.000,00","€500.000,00",,,,,,,,,,,,,,,,,,,,,,,,,,,,,,,,,,,,,,,,,,,,,,,,,,,,,,,,,,,,,,
044,Christian Tarasi,Potenza Calcio,D/M/AM C,112,150,"€ 0,00","€ 0,00","€1.000.000,00",,,,,,,,,,,,,,,,,,,,,,,,,,,,,,,,,,,,,,,,,,,,,,,,,,,,,,,,,,,,,,
045,Claudio Cavalieri,Reggiana,M C,106,150,"€ 0,00","€ 0,00","€500.000,00",,,,,,,,,,,,,,,,,,,,,,,,,,,,,,,,,,,,,,,,,,,,,,,,,,,,,,,,,,,,,,
046,Claudio Musmeci,Mantova,D RL,106,150,"€ 0,00","€ 150.000,00","€600.000,00",,,,,,,,,,,,,,,,,,,,,,,,,,,,,,,,,,,,,,,,,,,,,,,,,,,,,,,,,,,,,,
047,Claudio Volpicella,Bari,AM RL,112,150,"€ 0,00","€ 0,00","€450.000,00",,,,,,,,,,,,,,,,,,,,,,,,,,,,,,,,,,,,,,,,,,,,,,,,,,,,,,,,,,,,,,
048,Costantino Pompa,Mambo,S,119,150,"€ 0,00","€ 150.000,00","€762.000,00",,,,,,,,,,,,,,,,,,,,,,,,,,,,,,,,,,,,,,,,,,,,,,,,,,,,,,,,,,,,,,
049,Cristian Leo,Torino,DM/M C,116,150,"€ 0,00","€ 0,00","€700.000,00",,,,,,,,,,,,,,,,,,,,,,,,,,,,,,,,,,,,,,,,,,,,,,,,,,,,,,,,,,,,,,
050,Cristian Rettore,Spezia Calcio,D/WB L,152,160,"€ 0,00","€ 0,00","€400.000,00",,,,,,,,,,,,,,,,,,,,,,,,,,,,,,,,,,,,,,,,,,,,,,,,,,,,,,,,,,,,,,
051,Daniele Alluviani,Potenza Calcio,S,127,150,"€ 0,00","€ 0,00","€2.000.000,00",,,,,,,,,,,,,,,,,,,,,,,,,,,,,,,,,,,,,,,,,,,,,,,,,,,,,,,,,,,,,,
052,Daniele Lo Mastro,11 Leoni,M C,119,150,"€ 0,00","€ 20.000,00","€250.000,00",,,,,,,,,,,,,,,,,,,,,,,,,,,,,,,,,,,,,,,,,,,,,,,,,,,,,,,,,,,,,,
053,Daniele Ravanini,11 Leoni,GK,113,150,"€ 0,00","€ 0,00","€250.000,00",,,,,,,,,,,,,,,,,,,,,,,,,,,,,,,,,,,,,,,,,,,,,,,,,,,,,,,,,,,,,,
054,Daniele Romano,Rimini Football Club,D/DM/M C,127,150,"€ 0,00","€ 0,00","€500.000,00",,,,,,,,,,,,,,,,,,,,,,,,,,,,,,,,,,,,,,,,,,,,,,,,,,,,,,,,,,,,,,
055,Daniele Trapo,LucullusGames,M/AM L,110,150,"€ 0,00","€ 0,00","€100.000,00",,,,,,,,,,,,,,,,,,,,,,,,,,,,,,,,,,,,,,,,,,,,,,,,,,,,,,,,,,,,,,
056,Danilo Alberghetti,Diventa Leggenda,D C,119,150,"€ 0,00","€ 150.000,00","€350.000,00",,,,,,,,,,,,,,,,,,,,,,,,,,,,,,,,,,,,,,,,,,,,,,,,,,,,,,,,,,,,,,
057,Danny Sinigaglia,11 Leoni,S,118,150,"€ 0,00","€ 0,00","€250.000,00",,,,,,,,,,,,,,,,,,,,,,,,,,,,,,,,,,,,,,,,,,,,,,,,,,,,,,,,,,,,,,
058,Dario Marino Rimini,Rimini Football Club,D/WB L,128,150,"€ 0,00","€ 0,00","€500.000,00",,,,,,,,,,,,,,,,,,,,,,,,,,,,,,,,,,,,,,,,,,,,,,,,,,,,,,,,,,,,,,
059,Davide Ansaldi,Catania,D RC,104,150,"€ 0,00","€ 0,00","€600.000,00",,,,,,,,,,,,,,,,,,,,,,,,,,,,,,,,,,,,,,,,,,,,,,,,,,,,,,,,,,,,,,
060,Davide Biggio,Diventa Leggenda,M/AM LC,119,150,"€ 0,00","€ 0,00","€350.000,00",,,,,,,,,,,,,,,,,,,,,,,,,,,,,,,,,,,,,,,,,,,,,,,,,,,,,,,,,,,,,,
061,Davide Carta,Cagliari,AM/S RL,142,160,"€ 0,00","€ 150.000,00","€800.000,00",,,,,,,,,,,,,,,,,,,,,,,,,,,,,,,,,,,,,,,,,,,,,,,,,,,,,,,,,,,,,,
062,Davide Fusco,11 Leoni,M/AM C,122,150,"€ 0,00","€ 0,00","€250.000,00",,,,,,,,,,,,,,,,,,,,,,,,,,,,,,,,,,,,,,,,,,,,,,,,,,,,,,,,,,,,,,
063,Davide Saladino,Potenza Calcio,M C,124,150,"€ 0,00","€ 0,00","€1.200.000,00",,,,,,,,,,,,,,,,,,,,,,,,,,,,,,,,,,,,,,,,,,,,,,,,,,,,,,,,,,,,,,
064,Davide Tofini,Cagliari,AM RC,124,160,"€ 0,00","€ 70.000,00","€700.000,00",,,,,,,,,,,,,,,,,,,,,,,,,,,,,,,,,,,,,,,,,,,,,,,,,,,,,,,,,,,,,,
065,DeAndre Hightower,Aosta Cucumbers Academy,S,105,150,"€ 0,00","€ 0,00","€250.000,00",,,,,,,,,,,,,,,,,,,,,,,,,,,,,,,,,,,,,,,,,,,,,,,,,,,,,,,,,,,,,,
066,Denis Coghi,Rimini Football Club,M/AM/S C,157,165,"€ 0,00","€ 0,00","€500.000,00",,,,,,,,,,,,,,,,,,,,,,,,,,,,,,,,,,,,,,,,,,,,,,,,,,,,,,,,,,,,,,
067,Denny Paganini,11 Leoni,M L,111,150,"€ 0,00","€ 0,00","€250.000,00",,,,,,,,,,,,,,,,,,,,,,,,,,,,,,,,,,,,,,,,,,,,,,,,,,,,,,,,,,,,,,
068,Diego Ballerini,11 Leoni,D/WB/M/AM R,114,150,"€ 0,00","€ 0,00","€250.000,00",,,,,,,,,,,,,,,,,,,,,,,,,,,,,,,,,,,,,,,,,,,,,,,,,,,,,,,,,,,,,,
069,Domenico Salce,Rimini Football Club,M C,109,170,"€ 0,00","€ 0,00","€500.000,00",,,,,,,,,,,,,,,,,,,,,,,,,,,,,,,,,,,,,,,,,,,,,,,,,,,,,,,,,,,,,,
070,Domenico Tropea,Reggina,D C,115,150,"€ 0,00","€ 0,00","€300.000,00",,,,,,,,,,,,,,,,,,,,,,,,,,,,,,,,,,,,,,,,,,,,,,,,,,,,,,,,,,,,,,
071,Elia Mandri,AS Roma,D C,147,155,"€ 0,00","€ 0,00","€1.200.000,00",,,,,,,,,,,,,,,,,,,,,,,,,,,,,,,,,,,,,,,,,,,,,,,,,,,,,,,,,,,,,,
072,Elias Carlo Salvato,LucullusGames,D C,108,150,"€ 0,00","€ 0,00","€200.000,00",,,,,,,,,,,,,,,,,,,,,,,,,,,,,,,,,,,,,,,,,,,,,,,,,,,,,,,,,,,,,,
073,Emanuel Rinaldi,Catania,AM L,107,150,"€ 0,00","€ 0,00","€300.000,00",,,,,,,,,,,,,,,,,,,,,,,,,,,,,,,,,,,,,,,,,,,,,,,,,,,,,,,,,,,,,,
074,Emanuele Tempesta,Rimini Football Club,WB/M/AM LC,157,160,"€ 0,00","€ 0,00","€100.000,00",,,,,,,,,,,,,,,,,,,,,,,,,,,,,,,,,,,,,,,,,,,,,,,,,,,,,,,,,,,,,,
075,Enrico Carbonara,Diventa Leggenda,D/WB/M/AM R,121,150,"€ 0,00","€ 0,00","€350.000,00",,,,,,,,,,,,,,,,,,,,,,,,,,,,,,,,,,,,,,,,,,,,,,,,,,,,,,,,,,,,,,
076,ENRICO TESTI,Catanzaro Buccaneers,D C,134,185,"€ 0,00","€ 0,00","€400.000,00",,,,,,,,,,,,,,,,,,,,,,,,,,,,,,,,,,,,,,,,,,,,,,,,,,,,,,,,,,,,,,
077,Erjon Stafa,Potenza Calcio,D R,114,155,"€ 0,00","€ 0,00","€100.000,00",,,,,,,,,,,,,,,,,,,,,,,,,,,,,,,,,,,,,,,,,,,,,,,,,,,,,,,,,,,,,,
078,Eugenio Kniahynicki,AlbinoLeffe,M C,112,150,"€ 0,00","€ 150.000,00","€500.000,00",,,,,,,,,,,,,,,,,,,,,,,,,,,,,,,,,,,,,,,,,,,,,,,,,,,,,,,,,,,,,,
079,Fabiano Grisini,Mambo,D C,109,150,"€ 0,00","€ 0,00","€450.000,00",,,,,,,,,,,,,,,,,,,,,,,,,,,,,,,,,,,,,,,,,,,,,,,,,,,,,,,,,,,,,,
080,Fabio Bellavista,Stoke Perugia,M/AM C,113,150,"€ 0,00","€ 0,00","€500.000,00",,,,,,,,,,,,,,,,,,,,,,,,,,,,,,,,,,,,,,,,,,,,,,,,,,,,,,,,,,,,,,
081,Fabio Mantiero,L'Aquila 1927,AM/S R,131,155,"€ 0,00","€ 0,00","€100.000,00",,,,,,,,,,,,,,,,,,,,,,,,,,,,,,,,,,,,,,,,,,,,,,,,,,,,,,,,,,,,,,
082,Fabrizio Carboni,Alessandria,M/AM C,101,150,"€ 0,00","€ 0,00","€1.780.000,00",,,,,,,,,,,,,,,,,,,,,,,,,,,,,,,,,,,,,,,,,,,,,,,,,,,,,,,,,,,,,,
083,Fabrizio Felceti,Spezia Calcio,DM/M C,107,150,"€ 0,00","€ 0,00","€300.000,00",,,,,,,,,,,,,,,,,,,,,,,,,,,,,,,,,,,,,,,,,,,,,,,,,,,,,,,,,,,,,,
084,Fabrizio Lopresto,Bari,M C,135,175,"€ 0,00","€ 0,00","€1.000.000,00",,,,,,,,,,,,,,,,,,,,,,,,,,,,,,,,,,,,,,,,,,,,,,,,,,,,,,,,,,,,,,
085,Federico Ferrara,Potenza Calcio,D C,105,150,"€ 0,00","€ 0,00","€500.000,00",,,,,,,,,,,,,,,,,,,,,,,,,,,,,,,,,,,,,,,,,,,,,,,,,,,,,,,,,,,,,,
086,Federico Grimaldi,A.S. Livorno Calcio,D C,142,155,"€ 0,00","€ 0,00","€575.000,00",,,,,,,,,,,,,,,,,,,,,,,,,,,,,,,,,,,,,,,,,,,,,,,,,,,,,,,,,,,,,,
087,Federico Luigelli,11 Leoni,D L,115,150,"€ 0,00","€ 0,00","€250.000,00",,,,,,,,,,,,,,,,,,,,,,,,,,,,,,,,,,,,,,,,,,,,,,,,,,,,,,,,,,,,,,
088,Felice Verdile,Empoli,D C,132,150,"€ 0,00","€ 0,00","€1.000.000,00",,,,,,,,,,,,,,,,,,,,,,,,,,,,,,,,,,,,,,,,,,,,,,,,,,,,,,,,,,,,,,
089,Filippo Ciaramitaro,Lecce,AM/S R,104,150,"€ 0,00","€ 150.000,00","€350.000,00",,,,,,,,,,,,,,,,,,,,,,,,,,,,,,,,,,,,,,,,,,,,,,,,,,,,,,,,,,,,,,
090,Filippo Velicogna,Shadows Latina,D C,109,150,"€ 0,00","€ 0,00","€270.000,00",,,,,,,,,,,,,,,,,,,,,,,,,,,,,,,,,,,,,,,,,,,,,,,,,,,,,,,,,,,,,,
091,Flavio Caravaglia,Empoli,M/AM R,136,160,"€ 0,00","€ 0,00","€200.000,00",,,,,,,,,,,,,,,,,,,,,,,,,,,,,,,,,,,,,,,,,,,,,,,,,,,,,,,,,,,,,,
092,Francesca Torcolini,Villaggio Prenestino,D L,104,150,"€ 0,00","€ 0,00","€550.000,00",,,,,,,,,,,,,,,,,,,,,,,,,,,,,,,,,,,,,,,,,,,,,,,,,,,,,,,,,,,,,,
093,Francesco Barnabe,LucullusGames,D/WB R,116,150,"€ 0,00","€ 0,00","€200.000,00",,,,,,,,,,,,,,,,,,,,,,,,,,,,,,,,,,,,,,,,,,,,,,,,,,,,,,,,,,,,,,
094,Francesco Cataldo,Bari,D L,121,150,"€ 0,00","€ 0,00","€450.000,00",,,,,,,,,,,,,,,,,,,,,,,,,,,,,,,,,,,,,,,,,,,,,,,,,,,,,,,,,,,,,,
095,Francesco Fontana,San Marino Calcio,D/WB/M/AM L,107,150,"€ 0,00","€ 0,00","€300.000,00",,,,,,,,,,,,,,,,,,,,,,,,,,,,,,,,,,,,,,,,,,,,,,,,,,,,,,,,,,,,,,
096,Francesco Lamonica,Rimini Football Club,M C,111,150,"€ 0,00","€ 0,00","€500.000,00",,,,,,,,,,,,,,,,,,,,,,,,,,,,,,,,,,,,,,,,,,,,,,,,,,,,,,,,,,,,,,
097,Francesco Sisca,Mambo,M/AM/S R,111,150,"€ 0,00","€ 150.000,00","€700.000,00",,,,,,,,,,,,,,,,,,,,,,,,,,,,,,,,,,,,,,,,,,,,,,,,,,,,,,,,,,,,,,
098,Francesco Viola,Cittadella,M/AM L,155,165,"€ 0,00","€ 0,00","€700.000,00",,,,,,,,,,,,,,,,,,,,,,,,,,,,,,,,,,,,,,,,,,,,,,,,,,,,,,,,,,,,,,
099,Frik Sottone,A.S. Livorno Calcio,D/WB/M R,136,160,"€ 0,00","€ 0,00","€670.000,00",,,,,,,,,,,,,,,,,,,,,,,,,,,,,,,,,,,,,,,,,,,,,,,,,,,,,,,,,,,,,,
100,Gabriele Apollonio,Potenza Calcio,D C,109,150,"€ 0,00","€ 0,00","€500.000,00",,,,,,,,,,,,,,,,,,,,,,,,,,,,,,,,,,,,,,,,,,,,,,,,,,,,,,,,,,,,,,
101,Gabriele Pianese,Lucchese 1905,GK,110,150,"€ 0,00","€ 150.000,00","€700.000,00",,,,,,,,,,,,,,,,,,,,,,,,,,,,,,,,,,,,,,,,,,,,,,,,,,,,,,,,,,,,,,
102,Gabriele Sciarratta,Cagliari,AM LC,144,160,"€ 0,00","€ 0,00","€700.000,00",,,,,,,,,,,,,,,,,,,,,,,,,,,,,,,,,,,,,,,,,,,,,,,,,,,,,,,,,,,,,,
103,Giacomo Sciuto,Catania,DM/M C,80,165,"€ 0,00","€ 0,00","€500.000,00",,,,,,,,,,,,,,,,,,,,,,,,,,,,,,,,,,,,,,,,,,,,,,,,,,,,,,,,,,,,,,
104,Giacomo Sedda,Torino,D R,92,190,"€ 0,00","€ 150.000,00","€1.700.000,00",,,,,,,,,,,,,,,,,,,,,,,,,,,,,,,,,,,,,,,,,,,,,,,,,,,,,,,,,,,,,,
105,Giancarlo Labate,S.S. Lazio,D R,107,150,"€ 0,00","€ 0,00","€300.000,00",,,,,,,,,,,,,,,,,,,,,,,,,,,,,,,,,,,,,,,,,,,,,,,,,,,,,,,,,,,,,,
106,Gianfranco Colucci,Mambo,D RL,128,150,"€ 0,00","€ 150.000,00","€700.000,00",,,,,,,,,,,,,,,,,,,,,,,,,,,,,,,,,,,,,,,,,,,,,,,,,,,,,,,,,,,,,,
107,Gianluca Castellana,Catania,AM R,102,150,"€ 0,00","€ 0,00","€550.000,00",,,,,,,,,,,,,,,,,,,,,,,,,,,,,,,,,,,,,,,,,,,,,,,,,,,,,,,,,,,,,,
108,Gianluca Orlandi,LucullusGames,M/AM R,115,150,"€ 0,00","€ 0,00","€200.000,00",,,,,,,,,,,,,,,,,,,,,,,,,,,,,,,,,,,,,,,,,,,,,,,,,,,,,,,,,,,,,,
109,GIANLUCA PALAZZO,A.S. Livorno Calcio,M/AM C,106,150,"€ 0,00","€ 20.000,00","€890.000,00",,,,,,,,,,,,,,,,,,,,,,,,,,,,,,,,,,,,,,,,,,,,,,,,,,,,,,,,,,,,,,
110,Gianluca Tomasini,Spezia Calcio,GK,151,155,"€ 0,00","€ 20.000,00","€300.000,00",,,,,,,,,,,,,,,,,,,,,,,,,,,,,,,,,,,,,,,,,,,,,,,,,,,,,,,,,,,,,,
111,Gioele Bernardoni,Forst Südtirol,M C,110,150,"€ 0,00","€ 0,00","€400.000,00",,,,,,,,,,,,,,,,,,,,,,,,,,,,,,,,,,,,,,,,,,,,,,,,,,,,,,,,,,,,,,
112,Gioele De Amicis,Taranto Football Club 1927,S,103,150,"€ 0,00","€ 0,00","€610.000,00",,,,,,,,,,,,,,,,,,,,,,,,,,,,,,,,,,,,,,,,,,,,,,,,,,,,,,,,,,,,,,
113,Giorgio Frigeni,Spezia Calcio,D C,145,165,"€ 0,00","€ 0,00","€400.000,00",,,,,,,,,,,,,,,,,,,,,,,,,,,,,,,,,,,,,,,,,,,,,,,,,,,,,,,,,,,,,,
114,Giorgio Mancini,Aosta Cucumbers Academy,AM L,117,150,"€ 0,00","€ 150.000,00","€400.000,00",,,,,,,,,,,,,,,,,,,,,,,,,,,,,,,,,,,,,,,,,,,,,,,,,,,,,,,,,,,,,,
115,GIOVANNI ANTONELLI,A.S. Livorno Calcio,D RL,128,150,"€ 0,00","€ 0,00","€430.000,00",,,,,,,,,,,,,,,,,,,,,,,,,,,,,,,,,,,,,,,,,,,,,,,,,,,,,,,,,,,,,,
116,Giovanni Appugliese,Potenza Calcio,M C,117,150,"€ 0,00","€ 0,00","€400.000,00",,,,,,,,,,,,,,,,,,,,,,,,,,,,,,,,,,,,,,,,,,,,,,,,,,,,,,,,,,,,,,
117,Giovanni Proietti Mari,LucullusGames,GK,114,150,"€ 0,00","€ 0,00","€100.000,00",,,,,,,,,,,,,,,,,,,,,,,,,,,,,,,,,,,,,,,,,,,,,,,,,,,,,,,,,,,,,,
118,Giulia Stonem,Catania,D L,118,150,"€ 0,00","€ 0,00","€600.000,00",,,,,,,,,,,,,,,,,,,,,,,,,,,,,,,,,,,,,,,,,,,,,,,,,,,,,,,,,,,,,,
119,Giuseppe Ali Namane,Triestina Asylum,M C,102,160,"€ 0,00","€ 150.000,00","€1.000.000,00",,,,,,,,,,,,,,,,,,,,,,,,,,,,,,,,,,,,,,,,,,,,,,,,,,,,,,,,,,,,,,
120,Giuseppe Amato,Rimini Football Club,S,165,165,"€ 0,00","€ 0,00","€500.000,00",,,,,,,,,,,,,,,,,,,,,,,,,,,,,,,,,,,,,,,,,,,,,,,,,,,,,,,,,,,,,,
121,Giuseppe Cierresetti,Potenza Calcio,D C,127,150,"€ 0,00","€ 0,00","€200.000,00",,,,,,,,,,,,,,,,,,,,,,,,,,,,,,,,,,,,,,,,,,,,,,,,,,,,,,,,,,,,,,
122,Giuseppe De Simone,Diventa Leggenda,GK,117,150,"€ 0,00","€ 0,00","€350.000,00",,,,,,,,,,,,,,,,,,,,,,,,,,,,,,,,,,,,,,,,,,,,,,,,,,,,,,,,,,,,,,
123,Giuseppe Gambardella,Sanremese Calcio,D L,107,185,"€ 0,00","€ 0,00","€400.000,00",,,,,,,,,,,,,,,,,,,,,,,,,,,,,,,,,,,,,,,,,,,,,,,,,,,,,,,,,,,,,,
124,Giuseppe Parzanese,Potenza Calcio,GK,135,155,"€ 0,00","€ 0,00","€300.000,00",,,,,,,,,,,,,,,,,,,,,,,,,,,,,,,,,,,,,,,,,,,,,,,,,,,,,,,,,,,,,,
125,Giuseppe Sassano,AS Roma,GK,139,155,"€ 0,00","€ 0,00","€100.000,00",,,,,,,,,,,,,,,,,,,,,,,,,,,,,,,,,,,,,,,,,,,,,,,,,,,,,,,,,,,,,,
126,Giuseppe Zitiello,Potenza Calcio,AM LC,109,150,"€ 0,00","€ 0,00","€200.000,00",,,,,,,,,,,,,,,,,,,,,,,,,,,,,,,,,,,,,,,,,,,,,,,,,,,,,,,,,,,,,,
127,Idrisseliza Elideiss Leoncinothor,Cagliari,DM/M C,141,160,"€ 0,00","€ 0,00","€400.000,00",,,,,,,,,,,,,,,,,,,,,,,,,,,,,,,,,,,,,,,,,,,,,,,,,,,,,,,,,,,,,,
128,Ignazio Cangemi,L'Aquila 1927,D RC,104,150,"€ 0,00","€ 0,00","€0,00",,,,,,,,,,,,,,,,,,,,,,,,,,,,,,,,,,,,,,,,,,,,,,,,,,,,,,,,,,,,,,
129,Ivano Di Giacobbe,S.S. Lazio,GK,115,180,"€ 0,00","€ 0,00","€300.000,00",,,,,,,,,,,,,,,,,,,,,,,,,,,,,,,,,,,,,,,,,,,,,,,,,,,,,,,,,,,,,,
130,Jacopo Castronovi Bernardino,Lecce,DM,107,150,"€ 0,00","€ 0,00","€100.000,00",,,,,,,,,,,,,,,,,,,,,,,,,,,,,,,,,,,,,,,,,,,,,,,,,,,,,,,,,,,,,,
131,Jacopo Stivaletti,Città di Campobasso,AM L,107,150,"€ 0,00","€ 0,00","€200.000,00",,,,,,,,,,,,,,,,,,,,,,,,,,,,,,,,,,,,,,,,,,,,,,,,,,,,,,,,,,,,,,
132,Jaime Pedrazzini,Aosta Cucumbers Academy,D R,112,150,"€ 0,00","€ 70.000,00","€250.000,00",,,,,,,,,,,,,,,,,,,,,,,,,,,,,,,,,,,,,,,,,,,,,,,,,,,,,,,,,,,,,,
133,Joel Aloè,Spezia Calcio,D C,112,150,"€ 0,00","€ 0,00","€300.000,00",,,,,,,,,,,,,,,,,,,,,,,,,,,,,,,,,,,,,,,,,,,,,,,,,,,,,,,,,,,,,,
134,Karol gualniera,Triestina Asylum,M/AM LC,107,160,"€ 0,00","€ 0,00","€1.000.000,00",,,,,,,,,,,,,,,,,,,,,,,,,,,,,,,,,,,,,,,,,,,,,,,,,,,,,,,,,,,,,,
135,Klaus Trophobico,Aosta Cucumbers Academy,M C,117,150,"€ 0,00","€ 150.000,00","€500.000,00",,,,,,,,,,,,,,,,,,,,,,,,,,,,,,,,,,,,,,,,,,,,,,,,,,,,,,,,,,,,,,
136,Konstantin Stanev,AS Roma,D R,137,150,"€ 0,00","€ 0,00","€100.000,00",,,,,,,,,,,,,,,,,,,,,,,,,,,,,,,,,,,,,,,,,,,,,,,,,,,,,,,,,,,,,,
137,Leonardo Saragato,Cagliari,M C,114,155,"€ 0,00","€ 0,00","€600.000,00",,,,,,,,,,,,,,,,,,,,,,,,,,,,,,,,,,,,,,,,,,,,,,,,,,,,,,,,,,,,,,
138,Lorenz Pacolini,Città di Campobasso,M C,112,150,"€ 0,00","€ 0,00","€200.000,00",,,,,,,,,,,,,,,,,,,,,,,,,,,,,,,,,,,,,,,,,,,,,,,,,,,,,,,,,,,,,,
139,LORENZO DONATI,A.S. Livorno Calcio,M C,138,160,"€ 0,00","€ 0,00","€745.000,00",,,,,,,,,,,,,,,,,,,,,,,,,,,,,,,,,,,,,,,,,,,,,,,,,,,,,,,,,,,,,,
140,Lorenzo Pace,Parma Calcio 1913,D R,99,155,"€ 0,00","€ 0,00","€250.000,00",,,,,,,,,,,,,,,,,,,,,,,,,,,,,,,,,,,,,,,,,,,,,,,,,,,,,,,,,,,,,,
141,Luca Comunale,Rimini Football Club,M/AM RC,136,180,"€ 0,00","€ 0,00","€500.000,00",,,,,,,,,,,,,,,,,,,,,,,,,,,,,,,,,,,,,,,,,,,,,,,,,,,,,,,,,,,,,,
142,Luca Edalat,Diventa Leggenda,S,120,150,"€ 0,00","€ 0,00","€250.000,00",,,,,,,,,,,,,,,,,,,,,,,,,,,,,,,,,,,,,,,,,,,,,,,,,,,,,,,,,,,,,,
143,Luca Ferrario,Cagliari,M/AM C,131,155,"€ 0,00","€ 70.000,00","€500.000,00",,,,,,,,,,,,,,,,,,,,,,,,,,,,,,,,,,,,,,,,,,,,,,,,,,,,,,,,,,,,,,
144,Luca Franceschi,Novara Goats,DM/M C,144,200,"€ 0,00","€ 0,00","€600.000,00",,,,,,,,,,,,,,,,,,,,,,,,,,,,,,,,,,,,,,,,,,,,,,,,,,,,,,,,,,,,,,
145,Luca Marchetti,Cagliari,DM/M C,136,160,"€ 0,00","€ 150.000,00","€800.000,00",,,,,,,,,,,,,,,,,,,,,,,,,,,,,,,,,,,,,,,,,,,,,,,,,,,,,,,,,,,,,,
146,Luca Pretti,11 Leoni,D R,120,150,"€ 0,00","€ 0,00","€250.000,00",,,,,,,,,,,,,,,,,,,,,,,,,,,,,,,,,,,,,,,,,,,,,,,,,,,,,,,,,,,,,,
147,Luca Sardo,Aosta Cucumbers Academy,D L,115,150,"€ 0,00","€ 0,00","€250.000,00",,,,,,,,,,,,,,,,,,,,,,,,,,,,,,,,,,,,,,,,,,,,,,,,,,,,,,,,,,,,,,
148,Luca Sarra,Diventa Leggenda,WB/M LC,120,150,"€ 0,00","€ 70.000,00","€400.000,00",,,,,,,,,,,,,,,,,,,,,,,,,,,,,,,,,,,,,,,,,,,,,,,,,,,,,,,,,,,,,,
149,Luca Spiga,Aosta Cucumbers Academy,AM R,119,150,"€ 0,00","€ 70.000,00","€250.000,00",,,,,,,,,,,,,,,,,,,,,,,,,,,,,,,,,,,,,,,,,,,,,,,,,,,,,,,,,,,,,,
150,Luca Zorloni,A.S. Livorno Calcio,AM/S RL,152,160,"€ 0,00","€ 0,00","€900.000,00",,,,,,,,,,,,,,,,,,,,,,,,,,,,,,,,,,,,,,,,,,,,,,,,,,,,,,,,,,,,,,
151,Luigi Valentino,Lecce,DM/M C,116,150,"€ 0,00","€ 0,00","€350.000,00",,,,,,,,,,,,,,,,,,,,,,,,,,,,,,,,,,,,,,,,,,,,,,,,,,,,,,,,,,,,,,
152,Luka Miharija,11 Leoni,D C,113,150,"€ 0,00","€ 20.000,00","€250.000,00",,,,,,,,,,,,,,,,,,,,,,,,,,,,,,,,,,,,,,,,,,,,,,,,,,,,,,,,,,,,,,
153,Manlio Ferrara,SPAL,D/WB L,109,150,"€ 0,00","€ 0,00","€500.000,00",,,,,,,,,,,,,,,,,,,,,,,,,,,,,,,,,,,,,,,,,,,,,,,,,,,,,,,,,,,,,,
154,Marco D'Annibale,Rimini Football Club,S,140,155,"€ 0,00","€ 150.000,00","€500.000,00",,,,,,,,,,,,,,,,,,,,,,,,,,,,,,,,,,,,,,,,,,,,,,,,,,,,,,,,,,,,,,
155,Marco Faccio,Locri Epizefiri,D R,125,150,"€ 0,00","€ 0,00","€350.000,00",,,,,,,,,,,,,,,,,,,,,,,,,,,,,,,,,,,,,,,,,,,,,,,,,,,,,,,,,,,,,,
156,Marco Godino,Aosta Cucumbers Academy,D C,112,150,"€ 0,00","€ 0,00","€400.000,00",,,,,,,,,,,,,,,,,,,,,,,,,,,,,,,,,,,,,,,,,,,,,,,,,,,,,,,,,,,,,,
157,Marco Invernizzi,Novara Goats,D C,85,175,"€ 0,00","€ 0,00","€800.000,00",,,,,,,,,,,,,,,,,,,,,,,,,,,,,,,,,,,,,,,,,,,,,,,,,,,,,,,,,,,,,,
158,Marco La Carrubba,LucullusGames,M C,111,150,"€ 0,00","€ 0,00","€200.000,00",,,,,,,,,,,,,,,,,,,,,,,,,,,,,,,,,,,,,,,,,,,,,,,,,,,,,,,,,,,,,,
159,Marco Liccardo,Alessandria,AM C,109,150,"€ 0,00","€ 0,00","€300.000,00",,,,,,,,,,,,,,,,,,,,,,,,,,,,,,,,,,,,,,,,,,,,,,,,,,,,,,,,,,,,,,
160,Marco Savori,Empoli,AM R,114,150,"€ 0,00","€ 0,00","€770.500,00",,,,,,,,,,,,,,,,,,,,,,,,,,,,,,,,,,,,,,,,,,,,,,,,,,,,,,,,,,,,,,
161,Marco Tedesco,SPAL,D/DM/M C,105,150,"€ 0,00","€ 0,00","€500.000,00",,,,,,,,,,,,,,,,,,,,,,,,,,,,,,,,,,,,,,,,,,,,,,,,,,,,,,,,,,,,,,
162,Marco Turni,AlbinoLeffe,D RLC,114,150,"€ 0,00","€ 0,00","€300.000,00",,,,,,,,,,,,,,,,,,,,,,,,,,,,,,,,,,,,,,,,,,,,,,,,,,,,,,,,,,,,,,
163,Marco Zanaboni,Avellino Wolves,GK,131,160,"€ 0,00","€ 0,00","€550.000,00",,,,,,,,,,,,,,,,,,,,,,,,,,,,,,,,,,,,,,,,,,,,,,,,,,,,,,,,,,,,,,
164,Maria Arancio,Potenza Calcio,AM L,105,150,"€ 0,00","€ 0,00","€100.000,00",,,,,,,,,,,,,,,,,,,,,,,,,,,,,,,,,,,,,,,,,,,,,,,,,,,,,,,,,,,,,,
165,Marika Zendron,L'Aquila 1927,M/AM RL,111,150,"€ 0,00","€ 0,00","€400.000,00",,,,,,,,,,,,,,,,,,,,,,,,,,,,,,,,,,,,,,,,,,,,,,,,,,,,,,,,,,,,,,
166,Massimiliano Chirico,Rimini Football Club,D RC,127,150,"€ 0,00","€ 0,00","€100.000,00",,,,,,,,,,,,,,,,,,,,,,,,,,,,,,,,,,,,,,,,,,,,,,,,,,,,,,,,,,,,,,
167,Massimiliano Muzio,Frentana Larino,AM RL,110,150,"€ 0,00","€ 0,00","€1.134.000,00",,,,,,,,,,,,,,,,,,,,,,,,,,,,,,,,,,,,,,,,,,,,,,,,,,,,,,,,,,,,,,
168,Massimo Fabretti Marchetti,11 Leoni,S,115,150,"€ 0,00","€ 0,00","€250.000,00",,,,,,,,,,,,,,,,,,,,,,,,,,,,,,,,,,,,,,,,,,,,,,,,,,,,,,,,,,,,,,
169,Matteo Bianchetti,Empoli,DM/M C,107,150,"€ 0,00","€ 0,00","€250.000,00",,,,,,,,,,,,,,,,,,,,,,,,,,,,,,,,,,,,,,,,,,,,,,,,,,,,,,,,,,,,,,
170,Matteo Caciolli,LucullusGames,D/DM C,119,150,"€ 0,00","€ 0,00","€400.000,00",,,,,,,,,,,,,,,,,,,,,,,,,,,,,,,,,,,,,,,,,,,,,,,,,,,,,,,,,,,,,,
171,Matteo Cassina,Locri Epizefiri,M C,116,165,"€ 0,00","€ 0,00","€350.000,00",,,,,,,,,,,,,,,,,,,,,,,,,,,,,,,,,,,,,,,,,,,,,,,,,,,,,,,,,,,,,,
172,Matteo Cavaglià,Cagliari,D C,121,160,"€ 0,00","€ 0,00","€600.000,00",,,,,,,,,,,,,,,,,,,,,,,,,,,,,,,,,,,,,,,,,,,,,,,,,,,,,,,,,,,,,,
173,Matteo Nencioni,ACF Fiorentina,GK,109,170,"€ 0,00","€ 0,00","€2.195.000,00",,,,,,,,,,,,,,,,,,,,,,,,,,,,,,,,,,,,,,,,,,,,,,,,,,,,,,,,,,,,,,
174,Matteo Renati,Potenza Calcio,D C,135,150,"€ 0,00","€ 0,00","€400.000,00",,,,,,,,,,,,,,,,,,,,,,,,,,,,,,,,,,,,,,,,,,,,,,,,,,,,,,,,,,,,,,
175,Mattia Bianconi,SPAL,D/WB RC,128,160,"€ 0,00","€ 0,00","€500.000,00",,,,,,,,,,,,,,,,,,,,,,,,,,,,,,,,,,,,,,,,,,,,,,,,,,,,,,,,,,,,,,
176,Mattia De Simone,LucullusGames,M C,110,150,"€ 0,00","€ 0,00","€200.000,00",,,,,,,,,,,,,,,,,,,,,,,,,,,,,,,,,,,,,,,,,,,,,,,,,,,,,,,,,,,,,,
177,Mattia Lai,ACF Fiorentina,AM LC,100,150,"€ 0,00","€ 0,00","€100.000,00",,,,,,,,,,,,,,,,,,,,,,,,,,,,,,,,,,,,,,,,,,,,,,,,,,,,,,,,,,,,,,
178,Mattia Levorato,Empoli,D C,106,150,"€ 0,00","€ 0,00","€250.000,00",,,,,,,,,,,,,,,,,,,,,,,,,,,,,,,,,,,,,,,,,,,,,,,,,,,,,,,,,,,,,,
179,Mattia Natale,A.S. Livorno Calcio,M/AM L,161,170,"€ 0,00","€ 0,00","€635.000,00",,,,,,,,,,,,,,,,,,,,,,,,,,,,,,,,,,,,,,,,,,,,,,,,,,,,,,,,,,,,,,
180,Mattia Vimercati,Spezia Calcio,M/AM LC,125,165,"€ 0,00","€ 0,00","€400.000,00",,,,,,,,,,,,,,,,,,,,,,,,,,,,,,,,,,,,,,,,,,,,,,,,,,,,,,,,,,,,,,
181,Maurizio Deidda,Torino,DM/M/AM C,159,180,"€ 0,00","€ 150.000,00","€1.700.000,00",,,,,,,,,,,,,,,,,,,,,,,,,,,,,,,,,,,,,,,,,,,,,,,,,,,,,,,,,,,,,,
182,Mauro Magnavacca,Aosta Cucumbers Academy,GK,115,150,"€ 0,00","€ 0,00","€250.000,00",,,,,,,,,,,,,,,,,,,,,,,,,,,,,,,,,,,,,,,,,,,,,,,,,,,,,,,,,,,,,,
183,Mehdi Bassit,Taranto Football Club 1927,D RL,108,150,"€ 0,00","€ 0,00","€515.000,00",,,,,,,,,,,,,,,,,,,,,,,,,,,,,,,,,,,,,,,,,,,,,,,,,,,,,,,,,,,,,,
184,Michele Arcadio,Cagliari,S,130,150,"€ 0,00","€ 0,00","€500.000,00",,,,,,,,,,,,,,,,,,,,,,,,,,,,,,,,,,,,,,,,,,,,,,,,,,,,,,,,,,,,,,
185,Michele Cabañas,Lucchese 1905,D LC,123,165,"€ 0,00","€ 0,00","€300.000,00",,,,,,,,,,,,,,,,,,,,,,,,,,,,,,,,,,,,,,,,,,,,,,,,,,,,,,,,,,,,,,
186,Michele Cavaliere,Rimini Football Club,M C,77,155,"€ 0,00","€ 0,00","€500.000,00",,,,,,,,,,,,,,,,,,,,,,,,,,,,,,,,,,,,,,,,,,,,,,,,,,,,,,,,,,,,,,
187,Michele Pisapia,Venezia Football Club,GK,131,180,"€ 0,00","€ 0,00","€300.000,00",,,,,,,,,,,,,,,,,,,,,,,,,,,,,,,,,,,,,,,,,,,,,,,,,,,,,,,,,,,,,,
188,Miky Von Chiappon,Empoli,D L,125,150,"€ 0,00","€ 0,00","€800.000,00",,,,,,,,,,,,,,,,,,,,,,,,,,,,,,,,,,,,,,,,,,,,,,,,,,,,,,,,,,,,,,
189,Mirko Marsella,Shadows Latina,AM RC,144,165,"€ 0,00","€ 0,00","€100.000,00",,,,,,,,,,,,,,,,,,,,,,,,,,,,,,,,,,,,,,,,,,,,,,,,,,,,,,,,,,,,,,
190,Nello Falcone,Rimini Football Club,D C,152,160,"€ 0,00","€ 0,00","€500.000,00",,,,,,,,,,,,,,,,,,,,,,,,,,,,,,,,,,,,,,,,,,,,,,,,,,,,,,,,,,,,,,
191,Nico Scardace,S.S. Lazio,S,105,170,"€ 0,00","€ 0,00","€600.000,00",,,,,,,,,,,,,,,,,,,,,,,,,,,,,,,,,,,,,,,,,,,,,,,,,,,,,,,,,,,,,,
192,Nicola Filippone,Locri Epizefiri,D RLC,162,175,"€ 0,00","€ 150.000,00","€954.000,00",,,,,,,,,,,,,,,,,,,,,,,,,,,,,,,,,,,,,,,,,,,,,,,,,,,,,,,,,,,,,,
193,Nicola Procuranti,Città di Campobasso,DM/M C,106,160,"€ 0,00","€ 0,00","€400.000,00",,,,,,,,,,,,,,,,,,,,,,,,,,,,,,,,,,,,,,,,,,,,,,,,,,,,,,,,,,,,,,
194,Nicola Riva,Venezia Football Club,D R,103,150,"€ 0,00","€ 0,00","€200.000,00",,,,,,,,,,,,,,,,,,,,,,,,,,,,,,,,,,,,,,,,,,,,,,,,,,,,,,,,,,,,,,
195,Nicola Scarascia,Lecce,D C,108,150,"€ 0,00","€ 150.000,00","€400.000,00",,,,,,,,,,,,,,,,,,,,,,,,,,,,,,,,,,,,,,,,,,,,,,,,,,,,,,,,,,,,,,
196,Nicolò Delmonte,Spezia Calcio,S,156,165,"€ 0,00","€ 0,00","€400.000,00",,,,,,,,,,,,,,,,,,,,,,,,,,,,,,,,,,,,,,,,,,,,,,,,,,,,,,,,,,,,,,
197,Oscar Perspicace,Trento 1921,AM/S L,107,150,"€ 0,00","€ 0,00","€800.000,00",,,,,,,,,,,,,,,,,,,,,,,,,,,,,,,,,,,,,,,,,,,,,,,,,,,,,,,,,,,,,,
198,Panoz,Drink Team,S,122,190,"€ 0,00","€ 0,00","€700.000,00",,,,,,,,,,,,,,,,,,,,,,,,,,,,,,,,,,,,,,,,,,,,,,,,,,,,,,,,,,,,,,
199,Paolo Casalanguida,AS Roma,D RL,124,150,"€ 0,00","€ 0,00","€100.000,00",,,,,,,,,,,,,,,,,,,,,,,,,,,,,,,,,,,,,,,,,,,,,,,,,,,,,,,,,,,,,,
200,Paolo Due sinistri,Alessandria,M C,106,150,"€ 0,00","€ 0,00","€100.000,00",,,,,,,,,,,,,,,,,,,,,,,,,,,,,,,,,,,,,,,,,,,,,,,,,,,,,,,,,,,,,,
201,Paolo Ferri,SPAL,S,109,150,"€ 0,00","€ 70.000,00","€500.000,00",,,,,,,,,,,,,,,,,,,,,,,,,,,,,,,,,,,,,,,,,,,,,,,,,,,,,,,,,,,,,,
202,Paolo Puzzer,Bari,DM/M/AM C,146,190,"€ 0,00","€ 0,00","€800.000,00",,,,,,,,,,,,,,,,,,,,,,,,,,,,,,,,,,,,,,,,,,,,,,,,,,,,,,,,,,,,,,
203,Paolo Volpe,Parma Calcio 1913,D/WB/M RL,157,175,"€ 0,00","€ 150.000,00","€1.500.000,00",,,,,,,,,,,,,,,,,,,,,,,,,,,,,,,,,,,,,,,,,,,,,,,,,,,,,,,,,,,,,,
204,Pasquale Barbato,LucullusGames,S,113,150,"€ 0,00","€ 0,00","€400.000,00",,,,,,,,,,,,,,,,,,,,,,,,,,,,,,,,,,,,,,,,,,,,,,,,,,,,,,,,,,,,,,
205,Pier Gaetano Fulco,Golden Knights,GK,153,175,"€ 0,00","€ 150.000,00","€590.000,00",,,,,,,,,,,,,,,,,,,,,,,,,,,,,,,,,,,,,,,,,,,,,,,,,,,,,,,,,,,,,,
206,Pietro Alaimo,Spezia Calcio,D/M RC,144,155,"€ 0,00","€ 150.000,00","€550.000,00",,,,,,,,,,,,,,,,,,,,,,,,,,,,,,,,,,,,,,,,,,,,,,,,,,,,,,,,,,,,,,
207,Raffaele Orrico,Shadows Latina,M/AM C,104,150,"€ 0,00","€ 70.000,00","€250.000,00",,,,,,,,,,,,,,,,,,,,,,,,,,,,,,,,,,,,,,,,,,,,,,,,,,,,,,,,,,,,,,
208,Renato Moccia,LucullusGames,D C,112,150,"€ 0,00","€ 0,00","€200.000,00",,,,,,,,,,,,,,,,,,,,,,,,,,,,,,,,,,,,,,,,,,,,,,,,,,,,,,,,,,,,,,
209,Riccardo Gay,AS Roma,GK,141,160,"€ 0,00","€ 0,00","€350.000,00",,,,,,,,,,,,,,,,,,,,,,,,,,,,,,,,,,,,,,,,,,,,,,,,,,,,,,,,,,,,,,
210,Rito De Michele,Napoli,D C,108,175,"€ 0,00","€ 0,00","€500.000,00",,,,,,,,,,,,,,,,,,,,,,,,,,,,,,,,,,,,,,,,,,,,,,,,,,,,,,,,,,,,,,
211,Roberto Boccuto,L'Aquila 1927,DM/M C,124,150,"€ 0,00","€ 0,00","€400.000,00",,,,,,,,,,,,,,,,,,,,,,,,,,,,,,,,,,,,,,,,,,,,,,,,,,,,,,,,,,,,,,
212,Roberto Bongioanni,Diventa Leggenda,M/AM C,111,150,"€ 0,00","€ 0,00","€350.000,00",,,,,,,,,,,,,,,,,,,,,,,,,,,,,,,,,,,,,,,,,,,,,,,,,,,,,,,,,,,,,,
213,Roberto Casalati,Napoli,D L,140,165,"€ 0,00","€ 0,00","€450.000,00",,,,,,,,,,,,,,,,,,,,,,,,,,,,,,,,,,,,,,,,,,,,,,,,,,,,,,,,,,,,,,
214,Roberto Indagati,AS Roma,AM RL,139,160,"€ 0,00","€ 0,00","€350.000,00",,,,,,,,,,,,,,,,,,,,,,,,,,,,,,,,,,,,,,,,,,,,,,,,,,,,,,,,,,,,,,
215,Roberto Martellucci,AS Roma,D/WB RC,156,170,"€ 0,00","€ 0,00","€300.000,00",,,,,,,,,,,,,,,,,,,,,,,,,,,,,,,,,,,,,,,,,,,,,,,,,,,,,,,,,,,,,,
216,Rosario Billeci,Spezia Calcio,AM/S L,145,160,"€ 0,00","€ 0,00","€400.000,00",,,,,,,,,,,,,,,,,,,,,,,,,,,,,,,,,,,,,,,,,,,,,,,,,,,,,,,,,,,,,,
217,Rosario Vitale,Catania,D R,109,150,"€ 0,00","€ 20.000,00","€600.000,00",,,,,,,,,,,,,,,,,,,,,,,,,,,,,,,,,,,,,,,,,,,,,,,,,,,,,,,,,,,,,,
218,Salvatore Alagna,L'Aquila 1927,M/AM C,111,150,"€ 0,00","€ 20.000,00","€200.000,00",,,,,,,,,,,,,,,,,,,,,,,,,,,,,,,,,,,,,,,,,,,,,,,,,,,,,,,,,,,,,,
219,Salvatore Campagna,Progetto Gaming,DM/M C,143,195,"€ 0,00","€ 150.000,00","€4.000.000,00",,,,,,,,,,,,,,,,,,,,,,,,,,,,,,,,,,,,,,,,,,,,,,,,,,,,,,,,,,,,,,
220,Sandro Grigiotti,LucullusGames,M C,109,150,"€ 0,00","€ 0,00","€200.000,00",,,,,,,,,,,,,,,,,,,,,,,,,,,,,,,,,,,,,,,,,,,,,,,,,,,,,,,,,,,,,,
221,Shany Zengo-Fah,Aosta Cucumbers Academy,D C,119,150,"€ 0,00","€ 0,00","€250.000,00",,,,,,,,,,,,,,,,,,,,,,,,,,,,,,,,,,,,,,,,,,,,,,,,,,,,,,,,,,,,,,
222,SIMONE D'ANNIBALE,A.S. Livorno Calcio,D LC,136,160,"€ 0,00","€ 0,00","€940.000,00",,,,,,,,,,,,,,,,,,,,,,,,,,,,,,,,,,,,,,,,,,,,,,,,,,,,,,,,,,,,,,
223,Simone Di Palma,11 Leoni,DM/M C,112,150,"€ 0,00","€ 0,00","€250.000,00",,,,,,,,,,,,,,,,,,,,,,,,,,,,,,,,,,,,,,,,,,,,,,,,,,,,,,,,,,,,,,
224,Simone Gualdi,Monza 1912,S,85,170,"€ 0,00","€ 20.000,00","€800.000,00",,,,,,,,,,,,,,,,,,,,,,,,,,,,,,,,,,,,,,,,,,,,,,,,,,,,,,,,,,,,,,
225,Simone Lo Mastro,11 Leoni,S,113,150,"€ 0,00","€ 0,00","€250.000,00",,,,,,,,,,,,,,,,,,,,,,,,,,,,,,,,,,,,,,,,,,,,,,,,,,,,,,,,,,,,,,
226,Simone Luppino,Spezia Calcio,D/WB R,112,150,"€ 0,00","€ 0,00","€400.000,00",,,,,,,,,,,,,,,,,,,,,,,,,,,,,,,,,,,,,,,,,,,,,,,,,,,,,,,,,,,,,,
227,Simone Morelli,Stoke Perugia,D RC,136,160,"€ 0,00","€ 0,00","€250.000,00",,,,,,,,,,,,,,,,,,,,,,,,,,,,,,,,,,,,,,,,,,,,,,,,,,,,,,,,,,,,,,
228,Simone Rotelli,Novara Goats,AM/S C,132,180,"€ 0,00","€ 0,00","€800.000,00",,,,,,,,,,,,,,,,,,,,,,,,,,,,,,,,,,,,,,,,,,,,,,,,,,,,,,,,,,,,,,
229,Simone Trimarchi,Spezia Calcio,D/M LC,137,160,"€ 0,00","€ 0,00","€400.000,00",,,,,,,,,,,,,,,,,,,,,,,,,,,,,,,,,,,,,,,,,,,,,,,,,,,,,,,,,,,,,,
230,Squalo Ferrari,Diventa Leggenda,S,119,150,"€ 0,00","€ 150.000,00","€350.000,00",,,,,,,,,,,,,,,,,,,,,,,,,,,,,,,,,,,,,,,,,,,,,,,,,,,,,,,,,,,,,,
231,Stefano Cucci,Empoli,S,116,185,"€ 0,00","€ 0,00","€300.000,00",,,,,,,,,,,,,,,,,,,,,,,,,,,,,,,,,,,,,,,,,,,,,,,,,,,,,,,,,,,,,,
232,Stefano Guastini,Sanremese Calcio,GK,138,165,"€ 0,00","€ 0,00","€650.000,00",,,,,,,,,,,,,,,,,,,,,,,,,,,,,,,,,,,,,,,,,,,,,,,,,,,,,,,,,,,,,,
233,Stefano Morabito,Locri Epizefiri,D C,131,150,"€ 0,00","€ 0,00","€400.000,00",,,,,,,,,,,,,,,,,,,,,,,,,,,,,,,,,,,,,,,,,,,,,,,,,,,,,,,,,,,,,,
234,Stefano Romano,Catania,D C,108,150,"€ 0,00","€ 0,00","€600.000,00",,,,,,,,,,,,,,,,,,,,,,,,,,,,,,,,,,,,,,,,,,,,,,,,,,,,,,,,,,,,,,
235,Tommaso Pelizza,Alessandria,GK,105,150,"€ 0,00","€ 0,00","€400.000,00",,,,,,,,,,,,,,,,,,,,,,,,,,,,,,,,,,,,,,,,,,,,,,,,,,,,,,,,,,,,,,
236,Valerio Bello,Potenza Calcio,D R,119,150,"€ 0,00","€ 150.000,00","€700.000,00",,,,,,,,,,,,,,,,,,,,,,,,,,,,,,,,,,,,,,,,,,,,,,,,,,,,,,,,,,,,,,
237,Valerio Piccheri,Empoli,GK,133,150,"€ 0,00","€ 0,00","€300.000,00",,,,,,,,,,,,,,,,,,,,,,,,,,,,,,,,,,,,,,,,,,,,,,,,,,,,,,,,,,,,,,
238,Valerio Puglisi,Stoke Perugia,D C,112,150,"€ 0,00","€ 0,00","€150.000,00",,,,,,,,,,,,,,,,,,,,,,,,,,,,,,,,,,,,,,,,,,,,,,,,,,,,,,,,,,,,,,
239,Vasil Pugachev,Mambo,AM/S LC,108,150,"€ 0,00","€ 150.000,00","€700.000,00",,,,,,,,,,,,,,,,,,,,,,,,,,,,,,,,,,,,,,,,,,,,,,,,,,,,,,,,,,,,,,
240,Vincenzo Mosca,Crotone,S,170,180,"€ 0,00","€ 0,00","€850.000,00",,,,,,,,,,,,,,,,,,,,,,,,,,,,,,,,,,,,,,,,,,,,,,,,,,,,,,,,,,,,,,
241,Vincenzo Scarpati,AS Roma,S,135,165,"€ 0,00","€ 150.000,00","€500.000,00",,,,,,,,,,,,,,,,,,,,,,,,,,,,,,,,,,,,,,,,,,,,,,,,,,,,,,,,,,,,,,
242,Vittorio Boller,AS Roma,AM/S R,152,160,"€ 0,00","€ 0,00","€100.000,00",,,,,,,,,,,,,,,,,,,,,,,,,,,,,,,,,,,,,,,,,,,,,,,,,,,,,,,,,,,,,,
243,Andrea Conte,Progetto Gaming,M C,85,170,"€ 0,00","€ 0,00","€1.000.000,00",,,,,,,,,,,,,,,,,,,,,,,,,,,,,,,,,,,,,,,,,,,,,,,,,,,,,,,,,,,,,,
244,Gaetano Baiamonte,,S,100,150,"€ 0,00","€ 0,00","€0,00",,,,,,,,,,,,,,,,,,,,,,,,,,,,,,,,,,,,,,,,,,,,,,,,,,,,,,,,,,,,,,
245,Ismaele Maglie,,DM/M C,100,150,"€ 0,00","€ 0,00","€0,00",,,,,,,,,,,,,,,,,,,,,,,,,,,,,,,,,,,,,,,,,,,,,,,,,,,,,,,,,,,,,,
246,Fabio Ciocci,,AM C,100,150,"€ 0,00","€ 0,00","€0,00",,,,,,,,,,,,,,,,,,,,,,,,,,,,,,,,,,,,,,,,,,,,,,,,,,,,,,,,,,,,,,
247,Claudio Prudente,,M C,100,150,"€ 0,00","€ 0,00","€0,00",,,,,,,,,,,,,,,,,,,,,,,,,,,,,,,,,,,,,,,,,,,,,,,,,,,,,,,,,,,,,,
248,Fabio Aurelio Versaci,Reggina,AM RL/ S,,,"€ 0,00","€ 0,00","€600.000,00",,,,,,,,,,,,,,,,,,,,,,,,,,,,,,,,,,,,,,,,,,,,,,,,,,,,,,,,,,,,,,
249,Maurizio Deidda,Torino,M/AM C,90,180,"€ 0,00","€ 150.000,00","€1.700.000,00",,,,,,,,,,,,,,,,,,,,,,,,,,,,,,,,,,,,,,,,,,,,,,,,,,,,,,,,,,,,,,
250,Lorenzo Lazzari,Cesena Football Club,AM R,80,160,"€ 0,00","€ 0,00","€450.000,00",,,,,,,,,,,,,,,,,,,,,,,,,,,,,,,,,,,,,,,,,,,,,,,,,,,,,,,,,,,,,,
